House_ID,House,Blazon URL,Blazon Description,City_ID,Words
1,House Algood,https://awoiaf.westeros.org/index.php/File:House_Algood.svg,"A golden wreath on blue, a gold border",183,
2,House Allyrion of Godsgrace,https://awoiaf.westeros.org/index.php/File:House_Allyrion.svg,A golden hand on gyronny red and black,65,No Foe May Pass
3,House Amber,https://awoiaf.westeros.org/index.php/File:None.svg,,178,
4,House Ambrose,https://awoiaf.westeros.org/index.php/File:House_Ambrose.svg,A yellow field strewn with red ants,179,Never Resting
5,House Andrik of Southshield,https://awoiaf.westeros.org/index.php/File:None.svg,,184,
6,House Appleton of Appleton,https://awoiaf.westeros.org/index.php/File:House_Appleton.svg,"Quarterly: An apple tree on yellow, a grey gatehouse on white",4,
7,House Arryn of Gulltown,https://awoiaf.westeros.org/index.php/File:House_Arryn.svg,"A sky-blue falcon soaring against a white moon, on sky-blue",81,
8,House Arryn,https://awoiaf.westeros.org/index.php/File:House_Arryn.svg,"A sky-blue falcon soaring against a white moon, on sky-blue",56,As High as Honor
9,House Ashford of Ashford,https://awoiaf.westeros.org/index.php/File:House_Ashford.svg,A white sun-and-chevron on orange,7,Our Sun Shines Bright
10,House Ashwood,https://awoiaf.westeros.org/index.php/File:None.svg,,178,
11,House Baelish of Harrenhal,https://awoiaf.westeros.org/index.php/File:House_Baelish_(Harrenhal).svg,A field of silver mockingbirds on green,87,
12,House Baelish of the Fingers,https://awoiaf.westeros.org/index.php/File:House_Baelish.svg,"A grey stone head with fiery eyes, upon a light green field",50,
13,House Ball,https://awoiaf.westeros.org/index.php/File:House_Ball.svg,Three white plates upon a chevron red on a white field,179,
14,House Banefort of Banefort,https://awoiaf.westeros.org/index.php/File:House_Banefort.svg,"A hooded man, black on grey, within a fiery tressure",10,
15,House Bar Emmon of Sharp Point,https://awoiaf.westeros.org/index.php/File:House_Bar_Emmon.svg,A leaping blue swordfish on fretty silver on white,168,
16,House Baratheon of Dragonstone,https://awoiaf.westeros.org/index.php/File:House_Baratheon_(Dragonstone).svg,"On sun-yellow, a black crowned stag within a red heart surrounded by a blaze of orange fire",48,
17,House Baratheon of King's Landing,https://awoiaf.westeros.org/index.php/File:House_Baratheon_(King%27s_Landing).svg,Per pale Baratheon and Lannister,150,
18,House Baratheon of Storm's End,https://awoiaf.westeros.org/index.php/File:House_Baratheon.svg,A crowned stag black on a golden field,195,Ours is the Fury
19,House Beesbury of Honeyholt,https://awoiaf.westeros.org/index.php/File:House_Beesbury.svg,Three yellow beehives on a black pale on a field paly black and yellow,101,Beware Our Sting
20,House Belmore of Strongsong,https://awoiaf.westeros.org/index.php/File:House_Belmore.svg,"Six silver bells on purple, 3-2-1",196,
21,House Bettley,https://awoiaf.westeros.org/index.php/File:House_Bettley.svg,Three blue beetles on gold,183,
22,House Bigglestone,https://awoiaf.westeros.org/index.php/File:None.svg,,180,
23,House Blackbar of Bandallon,https://awoiaf.westeros.org/index.php/File:House_Blackbar.svg,A black fess on silver,9,
24,House Blackfyre,https://awoiaf.westeros.org/index.php/File:House_Blackfyre.svg,"A black three-headed dragon, breathing black fire on red",175,
25,House Blackmont of Blackmont,https://awoiaf.westeros.org/index.php/File:House_Blackmont.svg,A black vulture with a pink infant in its claws on yellow,16,
26,House Blackmyre,https://awoiaf.westeros.org/index.php/File:None.svg,,178,
27,House Blacktyde of Blacktyde,https://awoiaf.westeros.org/index.php/File:House_Blacktyde.svg,Vairy green and black,18,
28,House Blackwood of Raventree Hall,https://awoiaf.westeros.org/index.php/File:House_Blackwood.svg,A flock of ravens on scarlet surrounding a dead weirwood upon a black escutcheon,149,
29,House Blanetree,https://awoiaf.westeros.org/index.php/File:House_Blanetree.svg,"Maple leaves, green and brown, strewn on a field of yellow",180,
30,House Blount,https://awoiaf.westeros.org/index.php/File:House_Blount.svg,A red bend sinister between two black porcupines on green,175,
31,House Boggs,https://awoiaf.westeros.org/index.php/File:None.svg,,175,
32,House Boggs (north),https://awoiaf.westeros.org/index.php/File:None.svg,,178,
33,House Bole,https://awoiaf.westeros.org/index.php/File:None.svg,,178,
34,House Bolling,https://awoiaf.westeros.org/index.php/File:House_Bolling.svg,"Vairy orange and blue; upon a black canton, a golden stag beneath an orange bend sinister",181,
35,House Bolton of the Dreadfort,https://awoiaf.westeros.org/index.php/File:House_Bolton.svg,A red flayed man on pink de sang,49,Our Blades Are Sharp
36,House Bolton of Winterfell,https://awoiaf.westeros.org/index.php/File:House_Bolton.svg,.A red flayed man on pink de sang,218,
37,House Borrell of Sweetsister,https://awoiaf.westeros.org/index.php/File:House_Borrell.svg,A white spider crab on grey-green,20,
38,House Botley of Lordsport,https://awoiaf.westeros.org/index.php/File:House_Botley.svg,A shoal of silver fish on pale green,121,
39,House Bracken of Stone Hedge,https://awoiaf.westeros.org/index.php/File:House_Bracken.svg,A red stallion upon a golden escutcheon on brown,191,
40,House Branch,https://awoiaf.westeros.org/index.php/File:None.svg,,178,
41,House Brax of Hornvale,https://awoiaf.westeros.org/index.php/File:House_Brax.svg,A purple unicorn on silver,103,
42,House Breakstone,https://awoiaf.westeros.org/index.php/File:None.svg,A red sledgehammer,182,
43,House Briar,https://awoiaf.westeros.org/index.php/File:None_(Dorne).svg,,176,
44,House Bridges,https://awoiaf.westeros.org/index.php/File:House_Bridges.svg,A black stone bridge with three arches upon a golden chief above three blue pallets on white,179,
45,House Brightstone,https://awoiaf.westeros.org/index.php/File:None.svg,,182,
46,House Brook,https://awoiaf.westeros.org/index.php/File:None_(Dorne).svg,,176,
47,House Broom,https://awoiaf.westeros.org/index.php/File:House_Broom.svg,A silver helm crested with a sprig of broom on black and green checks,183,
48,House Brownhill,https://awoiaf.westeros.org/index.php/File:None_(Dorne).svg,,176,
49,House Brune of Brownhollow,https://awoiaf.westeros.org/index.php/File:House_Brune_(Brownhollow).svg,"A bear paw, brown on white, within a double tressure brown",24,
50,House Brune of the Dyre Den,https://awoiaf.westeros.org/index.php/File:None.svg,,54,
51,House Buckler of Bronzegate,https://awoiaf.westeros.org/index.php/File:House_Buckler.svg,Three brass buckles on blue,23,
52,House Buckwell of the Antlers,https://awoiaf.westeros.org/index.php/File:House_Buckwell.svg,A rack of golden antlers on vair,3,Pride and Purpose
53,House Bulwer of Blackcrown,https://awoiaf.westeros.org/index.php/File:House_Bulwer.svg,"A bull's skull, bone on blood",14,Death Before Disgrace
54,House Burley,https://awoiaf.westeros.org/index.php/File:House_Burley.svg,A white knife in a blue pile on white,178,
55,House Bushy,https://awoiaf.westeros.org/index.php/File:House_Bushy.svg,A green fess embattled on white,179,
56,House Butterwell of Whitewalls,https://awoiaf.westeros.org/index.php/File:House_Butterwell.svg,"Undy green, white, and yellow",214,
57,House Byrch,https://awoiaf.westeros.org/index.php/File:House_Byrch.svg,"Quarterly, gyronny white and black, a silver axe on green",175,
58,House Bywater,https://awoiaf.westeros.org/index.php/File:House_Bywater.svg,"Fretty blue on white, three silver fish on a blue chief",175,
59,House Cafferen of Fawnton,https://awoiaf.westeros.org/index.php/File:House_Cafferen.svg,Two white fawns counter salient on green,58,
60,House Cargyll,https://awoiaf.westeros.org/index.php/File:House_Cargyll.svg,A golden goose on bendy sinister black and red,175,
61,House Caron of Nightsong,https://awoiaf.westeros.org/index.php/File:House_Caron.svg,A field of black nightingales on yellow,129,No Song So Sweet
62,House Cassel,https://awoiaf.westeros.org/index.php/File:House_Cassel.svg,"Ten white wolf heads, 4-3-2-1, on grey with a black border",178,
63,House Casterly of Casterly Rock,https://awoiaf.westeros.org/index.php/File:None.svg,,27,
64,House Caswell of Bitterbridge,https://awoiaf.westeros.org/index.php/File:House_Caswell.svg,A yellow centaur with bow on white,13,
65,House Cave,https://awoiaf.westeros.org/index.php/File:None.svg,,175,
66,House Celtigar of Claw Isle,https://awoiaf.westeros.org/index.php/File:House_Celtigar.svg,Red crabs strewn on white,31,
67,House Cerwyn of Castle Cerwyn,https://awoiaf.westeros.org/index.php/File:House_Cerwyn.svg,A black battle-axe on silver,28,Honed and Ready
68,House Chambers,https://awoiaf.westeros.org/index.php/File:None.svg,,180,
69,House Charlton,https://awoiaf.westeros.org/index.php/File:House_Charlton.svg,"Three sprigs of mistletoe, green and red, on gold within a green border",180,
70,House Chelsted,https://awoiaf.westeros.org/index.php/File:House_Chelsted.svg,"Per bend green and white, a crossed spiked mace and a silver dagger",175,
71,House Chester of Greenshield,https://awoiaf.westeros.org/index.php/File:House_Chester.svg,"A green hand on a gold escutcheon on a green field, a border of red rayonne",73,
72,House Chyttering,https://awoiaf.westeros.org/index.php/File:House_Chyttering.svg,Three golden bendlets enhanced on white,175,
73,House Clegane of Clegane's Keep,https://awoiaf.westeros.org/index.php/File:House_Clegane.svg,Three black dogs running on yellow,32,
74,House Clifton,https://awoiaf.westeros.org/index.php/File:None.svg,,183,
75,House Cobb,https://awoiaf.westeros.org/index.php/File:None.svg,,179,
76,House Cockshaw,https://awoiaf.westeros.org/index.php/File:House_Cockshaw.svg,"Three feathers, red, white and gold, on black",179,
77,House Codd,https://awoiaf.westeros.org/index.php/File:House_Codd.svg,... a silver codfish,177,Though All Men Do Despise Us
78,House Coldwater of Coldwater Burn,https://awoiaf.westeros.org/index.php/File:House_Coldwater.svg,A blue pall with white borders on red,34,
79,House Cole,https://awoiaf.westeros.org/index.php/File:House_Cole.svg,Ten black pellets on scarlet,181,
80,House Condon,https://awoiaf.westeros.org/index.php/File:House_Condon.svg,"An eagle's head between crossed tridents, red on white",178,
81,House Conklyn,https://awoiaf.westeros.org/index.php/File:None.svg,,179,
82,House Connington of Griffin's Roost,https://awoiaf.westeros.org/index.php/File:House_Connington.svg,Two griffins combatent countercharged on red and white,78,
83,House Corbray of Heart's Home,https://awoiaf.westeros.org/index.php/File:House_Corbray.svg,"Three black ravens in flight holding three red hearts, on white",93,
84,House Cordwayner of Hammerhal,https://awoiaf.westeros.org/index.php/File:House_Cordwayner.svg,Black boots on field of green and gold diamonds,83,
85,House Costayne of the Three Towers,https://awoiaf.westeros.org/index.php/File:House_Costayne.svg,"Quartered: a silver chalice on black, a black rose on yellow",202,
86,House Cox of Saltpans,https://awoiaf.westeros.org/index.php/File:None.svg,,162,
87,House Crabb of the Whispers,https://awoiaf.westeros.org/index.php/File:None.svg,,213,
88,House Crakehall of Crakehall,https://awoiaf.westeros.org/index.php/File:House_Crakehall.svg,A black and white brindled boar on brown,38,None so Fierce
89,House Crane of Red Lake,https://awoiaf.westeros.org/index.php/File:House_Crane.svg,A vee of golden cranes on pale blue,151,
90,House Cray,https://awoiaf.westeros.org/index.php/File:None.svg,,178,
91,House Cressey,https://awoiaf.westeros.org/index.php/File:House_Cressey.svg,"Seven silver coins upon a red bend sinister, between two helmets, silver on blue",175,
92,House Crowl of Deepdown,https://awoiaf.westeros.org/index.php/File:House_Crowl.svg,Pily flame and black,44,
93,House Cuy of Sunhouse,https://awoiaf.westeros.org/index.php/File:House_Cuy.svg,Six yellow flowers on blue,197,
94,House Dalt of Lemonwood,https://awoiaf.westeros.org/index.php/File:House_Dalt.svg,Lemons strewn on purple,115,
95,House Dargood,https://awoiaf.westeros.org/index.php/File:None.svg,,175,
96,House Darke,https://awoiaf.westeros.org/index.php/File:None.svg,,175,
97,House Darklyn of Duskendale,https://awoiaf.westeros.org/index.php/File:House_Darklyn.svg,"Fusily black and gold, 7 white escutcheons upon a red tierce",53,
98,House Darkwood,https://awoiaf.westeros.org/index.php/File:None.svg,,175,
99,House Darry of Darry,https://awoiaf.westeros.org/index.php/File:House_Darry.svg,A black plowman on brown,42,
100,House Dayne of High Hermitage,https://awoiaf.westeros.org/index.php/File:None_(Dorne).svg,,96,
101,House Dayne,https://awoiaf.westeros.org/index.php/File:House_Dayne.svg,A white sword and falling star crossed on lilac,188,
102,House Deddings,https://awoiaf.westeros.org/index.php/File:None.svg,,180,
103,House Doggett,https://awoiaf.westeros.org/index.php/File:House_Doggett.svg,"Per bend a white unicorn on green, a black raven on white",183,
104,House Dondarrion of Blackhaven,https://awoiaf.westeros.org/index.php/File:House_Dondarrion.svg,Forked purple lightning on black field speckled with 4-pointed stars,15,
105,House Donniger,https://awoiaf.westeros.org/index.php/File:House_Donniger.svg,A red sun rising from a grey-green sea against a yellow sky,182,
106,House Drinkwater,https://awoiaf.westeros.org/index.php/File:None_(Dorne).svg,,176,
107,House Drox,https://awoiaf.westeros.org/index.php/File:House_Drox.svg,"3 black crossbows, on gold, a black border",183,
108,House Drumm of Old Wyk,https://awoiaf.westeros.org/index.php/File:House_Drumm.svg,"A bone hand, white on red",136,
109,House Dryland of Hellgate Hall,https://awoiaf.westeros.org/index.php/File:None_(Dorne).svg,,94,
110,House Dunn,https://awoiaf.westeros.org/index.php/File:Dunn.png,"Per pale black and pink, a countercharged two-headed pelican",179,
111,House Durrandon,https://awoiaf.westeros.org/index.php/File:House_Baratheon.svg,A crowned stag black on a golden field,195,Ours is the Fury
112,House Durwell,https://awoiaf.westeros.org/index.php/File:None.svg,,179,
113,House Dustin of Barrowton,https://awoiaf.westeros.org/index.php/File:House_Dustin.svg,"Two rusted longaxes with black shafts crossed, a black crown between their points, on yellow",11,
114,House Edgerton,https://awoiaf.westeros.org/index.php/File:House_Edgerton.svg,"Quartered: black and white half-fusily, a wheel of flame on indigo",175,
115,House Egen,https://awoiaf.westeros.org/index.php/File:House_Egen.svg,"Yellow sun, white crescent moon, and silver star on blue chief above white",182,By Day or Night
116,House Elesham of the Paps,https://awoiaf.westeros.org/index.php/File:House_Elesham.svg,"A double pile inverted, stone on pink, a black mullet between",141,
117,House Erenford,https://awoiaf.westeros.org/index.php/File:House_Erenford.svg,"A golden heron, beaked and gammed black, standing with a silver fish in its beak, on pink",180,
118,House Errol of Haystack Hall,https://awoiaf.westeros.org/index.php/File:House_Errol.svg,A yellow haystack on orange,92,
119,House Estermont of Greenstone,https://awoiaf.westeros.org/index.php/File:House_Estermont.svg,A dark green sea turtle on pale green,74,
120,House Estren of Wyndhall,https://awoiaf.westeros.org/index.php/File:House_Estren.svg,A green saltire between four red double-headed eagles on white,222,
121,House Falwell,https://awoiaf.westeros.org/index.php/File:House_Falwell.svg,A fool in red and gold motley juggling five suns on black,183,
122,House Farman of Faircastle,https://awoiaf.westeros.org/index.php/File:House_Farman.svg,"Three silver ships on blue, a border of crimson and gold",57,The Wind Our Steed
123,House Farring,https://awoiaf.westeros.org/index.php/File:House_Farring.svg,"Per pale purple and white, two knights combatant with swords, counter-charged",175,
124,House Farwynd,https://awoiaf.westeros.org/index.php/File:None.svg,,167,
125,House Farwynd of the Lonely Light,https://awoiaf.westeros.org/index.php/File:House_Farwynd_(Lonely_Light).svg,"Per fess: below a black sea with crested line, a black longship, outlined against the setting sun, dark red on orange",117,
126,House Fell of Felwood,https://awoiaf.westeros.org/index.php/File:House_Fell.svg,"Per fess, a white crescent moon in the first on black above a green field, a sprucetree line between",60,
127,House Fenn,https://awoiaf.westeros.org/index.php/File:House_Fenn.svg,"3 black water lilies, on pale violet",178,
128,House Ferren,https://awoiaf.westeros.org/index.php/File:House_Ferren.svg,"Per saltire, red and gold checks, a silver and black ferret on green",183,
129,House Fisher of the Misty Isle,https://awoiaf.westeros.org/index.php/File:House_Fisher.svg,"A crowned catfish, spotted grey, on blue",124,
130,House Fisher of the Stony Shore,https://awoiaf.westeros.org/index.php/File:None.svg,,194,
131,House Flint of Breakstone Hill,https://awoiaf.westeros.org/index.php/File:None.svg,,19,
132,House Flint of Flint's Finger,https://awoiaf.westeros.org/index.php/File:House_Flint_(Flint%27s_Finger).svg,A grey stone hand upon a white inverted pall on paly black and grey,61,
133,House Flint of the mountains,https://awoiaf.westeros.org/index.php/File:None.svg,,131,
134,House Flint of Widow's Watch,https://awoiaf.westeros.org/index.php/File:House_Flint_(Widow%27s_Watch).svg,"A blue field strewn with whitecaps, on a yellow chief with crested line a pair of blue eyes",216,Ever Vigilant
135,House Florent of Brightwater Keep,https://awoiaf.westeros.org/index.php/File:House_Florent.svg,A red-gold fox's head encircled by lapis lazuli flowers (on ermine),21,
136,House Follard,https://awoiaf.westeros.org/index.php/File:House_Follard.svg,"Gyronny of twelve red and white; in a gold canton, a two-peaked fool's cap of red and white with silver bells",175,None so Wise
137,House Foote,https://awoiaf.westeros.org/index.php/File:House_Foote.svg,A copper dagger across a black chevron on white,183,
138,House Foote of Nightsong,https://awoiaf.westeros.org/index.php/File:None.svg,,129,
139,House Footly of Tumbleton,https://awoiaf.westeros.org/index.php/File:House_Footly.svg,A field of silver caltrops on black,206,Tread Lightly Here
140,House Forrester,https://awoiaf.westeros.org/index.php/File:None.svg,,178,
141,House Fossoway of Cider Hall,https://awoiaf.westeros.org/index.php/File:House_Fossoway.svg,A red apple on gold,30,A Taste of Glory
142,House Fossoway of New Barrel,https://awoiaf.westeros.org/index.php/File:House_Fossoway_(New_Barrel).svg,A green apple on gold,126,
143,House Fowler of Skyreach,https://awoiaf.westeros.org/index.php/File:House_Fowler.svg,A hooded blue hawk on silver,171,Let Me Soar
144,House Frey of Riverrun,https://awoiaf.westeros.org/index.php/File:None.svg,,156,
145,House Frey of the Crossing,https://awoiaf.westeros.org/index.php/File:House_Frey.svg,Two blue towers on silver-grey,207,
146,House Frost,https://awoiaf.westeros.org/index.php/File:None.svg,,178,
147,House Gardener of Highgarden,https://awoiaf.westeros.org/index.php/File:House_Gardener.svg,A green hand on white,97,
148,House Gargalen of Salt Shore,https://awoiaf.westeros.org/index.php/File:House_Gargalen.svg,A red cockatrice with black snake in beak on gold,160,
149,House Garner,https://awoiaf.westeros.org/index.php/File:House_Garner.svg,Three grey owls upon white plates on green,183,
150,House Gaunt,https://awoiaf.westeros.org/index.php/File:House_Gaunt.svg,"Three black lances upright on pink, between black flaunches",175,
151,House Glover of Deepwood Motte,https://awoiaf.westeros.org/index.php/File:House_Glover.svg,A silver fist on scarlet,45,
152,House Goodbrook,https://awoiaf.westeros.org/index.php/File:House_Goodbrook.svg,A blue wavy bend on gold,180,
153,House Goodbrother of Corpse Lake,https://awoiaf.westeros.org/index.php/File:None.svg,,36,
154,House Goodbrother of Crow Spike Keep,https://awoiaf.westeros.org/index.php/File:None.svg,,39,
155,House Goodbrother of Downdelving,https://awoiaf.westeros.org/index.php/File:None.svg,,46,
156,House Goodbrother of Orkmont,https://awoiaf.westeros.org/index.php/File:None.svg,,139,
157,House Goodbrother of Shatterstone,https://awoiaf.westeros.org/index.php/File:None.svg,,169,
158,House Goodbrother,https://awoiaf.westeros.org/index.php/File:House_Goodbrother.svg,A gold-banded black warhorn on red,84,
159,House Gower,https://awoiaf.westeros.org/index.php/File:House_Gower.svg,Nine yellow trefoils on a black cross on ermine,181,
160,House Graceford of Holyhall,https://awoiaf.westeros.org/index.php/File:House_Graceford.svg,The Mother's face upon white pale wavy dividing a brown field,100,Work Her Will
161,House Grafton of Gulltown,https://awoiaf.westeros.org/index.php/File:House_Grafton.svg,"A burning tower in yellow, within a black pile, upon flaming red",81,
162,House Grandison of Grandview,https://awoiaf.westeros.org/index.php/File:House_Grandison.svg,A black sleeping lion on yellow,69,Rouse Me Not
163,House Graves,https://awoiaf.westeros.org/index.php/File:House_Graves.svg,"Green and white gyronny, a double-headed eagle counter-charged, gold beak and talons",179,
164,House Greenfield of Greenfield,https://awoiaf.westeros.org/index.php/File:House_Greenfield.svg,A double tressure white on green,72,
165,House Greengood,https://awoiaf.westeros.org/index.php/File:None.svg,,178,
166,House Greenwood,https://awoiaf.westeros.org/index.php/File:None.svg,,178,
167,House Grell,https://awoiaf.westeros.org/index.php/File:House_Grell.svg,"Three red martlets on white bend, on blue",180,
168,House Grey,https://awoiaf.westeros.org/index.php/File:None.svg,,180,
169,House Greyiron of Orkmont,https://awoiaf.westeros.org/index.php/File:Greyiron.png,"The sea king's head, white with dark green seaweed beard and hair, a black crown on a grey field",139,
170,House Greyjoy of Pyke,https://awoiaf.westeros.org/index.php/File:House_Greyjoy.svg,A golden kraken on black,147,We Do Not Sow
171,House Greystark of the Wolf's Den,https://awoiaf.westeros.org/index.php/File:None.svg,,220,
172,House Grimm of Greyshield,https://awoiaf.westeros.org/index.php/File:House_Grimm.svg,An iron escutcheon with silver studs on a grey-green field strewn with longships proper,79,
173,House Haigh,https://awoiaf.westeros.org/index.php/File:House_Haigh.svg,A black pitchfork on a golden bar sinister on russet,180,
174,House Hamell,https://awoiaf.westeros.org/index.php/File:House_Hamell.svg,"An erminois maunch on pink, an erminois border",183,
175,House Harclay,https://awoiaf.westeros.org/index.php/File:House_Harclay.svg,"3 blue moons, waxing, full, waning, on a white bend, on blue",178,
176,House Hardy,https://awoiaf.westeros.org/index.php/File:None.svg,,175,
177,House Hardyng,https://awoiaf.westeros.org/index.php/File:House_Hardyng.svg,A field of red and white diamonds,182,
178,House Harlaw of Grey Garden,https://awoiaf.westeros.org/index.php/File:House_Harlaw_(Grey_Garden).svg,"Quartered: a silver scythe on black, a peacock on cream",75,
179,House Harlaw of Harlaw Hall,https://awoiaf.westeros.org/index.php/File:House_Harlaw_(Harlaw_Hall).svg,"Per bend black and silver, two scythes countercharged",86,
180,House Harlaw of Harridan Hill,https://awoiaf.westeros.org/index.php/File:House_Harlaw_(Harridan_Hill).svg,A silver scythe on pale blue,88,
181,House Harlaw,https://awoiaf.westeros.org/index.php/File:House_Harlaw.svg,A silver scythe on black,200,
182,House Harlaw of the Tower of Glimmering,https://awoiaf.westeros.org/index.php/File:House_Harlaw_(Tower_of_Glimmering).svg,A silver scythe on black within an embattled silver border,205,
183,House Harroway of Harrenhal,https://awoiaf.westeros.org/index.php/File:House_Harroway.svg,"Per bend sinister orange and black rayonne, a castle countercharged",87,
184,House Harte,https://awoiaf.westeros.org/index.php/File:House_Harte.svg,Three red hart's heads caboshed on a white bend on vair,175,
185,House Hastwyck,https://awoiaf.westeros.org/index.php/File:House_Hastwyck.svg,Barry olive and ivory,179,None So Dutiful
186,House Hasty,https://awoiaf.westeros.org/index.php/File:House_Hasty.svg,A white bend cotised on purple,181,
187,House Hawick of Saltpans,https://awoiaf.westeros.org/index.php/File:Hawick.png,White sea birds strewn on a blue field,162,
188,House Hawthorne,https://awoiaf.westeros.org/index.php/File:House_Hawthorne.svg,"A ring of black thorns and a ring of pink flowers, interlocked, on green",183,
189,House Hayford of Hayford,https://awoiaf.westeros.org/index.php/File:House_Hayford.svg,"Green fretty over gold, a green pale wavy",91,
190,House Heddle,https://awoiaf.westeros.org/index.php/File:None.svg,,180,
191,House Herston,https://awoiaf.westeros.org/index.php/File:House_Herston.svg,"A yellow rooster's head with red comb, within a white escutcheon, on red",181,
192,House Hersy of Newkeep,https://awoiaf.westeros.org/index.php/File:House_Hersy.svg,A white winged chalice on pink,128,
193,House Hetherspoon,https://awoiaf.westeros.org/index.php/File:House_Hetherspoon.svg,An oak spoon within a white cartouche on orange and black lozengy,183,
194,House Hewett of Oakenshield,https://awoiaf.westeros.org/index.php/File:House_Hewett.svg,"An oaken escutcheon studded with iron, a field bendy of undulating blue and white",133,
195,House Hightower of the Hightower,https://awoiaf.westeros.org/index.php/File:House_Hightower.svg,A white tower crowned with flames on smoke grey,99,We Light the Way
196,House Hoare of Orkmont,https://awoiaf.westeros.org/index.php/File:House_Hoare.svg,"Per saltire: two heavy silver chains crossing between (clockwise) a gold longship on black , a dark green pine on white, a cluster of red grapes on gold, and a black raven flying in a blue sky",140,
197,House Hogg of Sow's Horn,https://awoiaf.westeros.org/index.php/File:None.svg,,185,
198,House Hollard,https://awoiaf.westeros.org/index.php/File:House_Hollard.svg,"Barry red and pink, three golden crowns on a blue chief",175,
199,House Holt (north),https://awoiaf.westeros.org/index.php/File:None.svg,,178,
200,House Holt (Dorne),https://awoiaf.westeros.org/index.php/File:None_(Dorne).svg,,176,
201,House Hook,https://awoiaf.westeros.org/index.php/File:None.svg,,180,
202,House Hornwood of Hornwood,https://awoiaf.westeros.org/index.php/File:House_Hornwood.svg,A brown bullmoose with black antlers on orange,104,Righteous in Wrath
203,House Horpe,https://awoiaf.westeros.org/index.php/File:House_Horpe.svg,"Per chevron engrailed grey and bone, 3 deaths head moths countercharged",181,
204,House Hull,https://awoiaf.westeros.org/index.php/File:None_(Dorne).svg,,176,
205,House Humble,https://awoiaf.westeros.org/index.php/File:None.svg,,177,
206,House Hunt,https://awoiaf.westeros.org/index.php/File:Hunt.png,"A brown deer, bound and slung on a pole, on white",179,
207,House Hunter of Longbow Hall,https://awoiaf.westeros.org/index.php/File:House_Hunter.svg,"Five silver arrows, fanned, on brown",118,
208,House Hutcheson,https://awoiaf.westeros.org/index.php/File:House_Hutcheson.svg,"Two red bendlets on gold, a red hand below pointing to a red sun above",179,
209,House Inchfield,https://awoiaf.westeros.org/index.php/File:House_Inchfield.svg,"A bend sinister, checked black and white, on pale grey",179,
210,House Ironmaker,https://awoiaf.westeros.org/index.php/File:None.svg,,177,
211,House Ironsmith,https://awoiaf.westeros.org/index.php/File:House_Ironsmith.svg,"A black sword upright between four black horseshoes on gold, a grey-green border",178,
212,House Jast,https://awoiaf.westeros.org/index.php/File:House_Jast.svg,"An inverted pall between 3 lion's heads, yellow on black",183,
213,House Jordayne of the Tor,https://awoiaf.westeros.org/index.php/File:House_Jordayne.svg,A golden quill on checkered dark and light green,203,Let It Be Written
214,House Justman,https://awoiaf.westeros.org/index.php/File:House_Justman.svg,"Golden scales on white, a double tressure blue",180,
215,House Karstark of Karhold,https://awoiaf.westeros.org/index.php/File:House_Karstark.svg,A white sunburst on black,108,The Sun of Winter
216,House Keath,https://awoiaf.westeros.org/index.php/File:House_Keath.svg,"Quarterly of nine: a white fish on grey, a golden fish hook on white",180,
217,House Kellington,https://awoiaf.westeros.org/index.php/File:House_Kellington.svg,"A black book bound in bronze, locked, upon a pale blue field",181,
218,House Kenning of Harlaw,https://awoiaf.westeros.org/index.php/File:House_Kenning_(Harlaw).svg,"The storm god's cloudly hand, pale grey, yellow lightning flashing from the fingertips, on black",85,
219,House Kenning of Kayce,https://awoiaf.westeros.org/index.php/File:House_Kenning_(Kayce).svg,Four sunbursts countercharged on quartered orange and black,109,
220,House Kettleblack,https://awoiaf.westeros.org/index.php/File:House_Kettleblack.svg,"A black kettle on red, within a black orle",175,
221,House Kidwell of Ivy Hall,https://awoiaf.westeros.org/index.php/File:House_Kidwell.svg,Pale green ivy bendy on black masonry,107,
222,House Knott,https://awoiaf.westeros.org/index.php/File:House_Knott.svg,A brown fret on white,178,
223,House Kyndall,https://awoiaf.westeros.org/index.php/File:None.svg,,183,
224,House Ladybright,https://awoiaf.westeros.org/index.php/File:None_(Dorne).svg,,176,
225,House Lake (Dorne),https://awoiaf.westeros.org/index.php/File:None_(Dorne).svg,,176,
226,House Lake (north),https://awoiaf.westeros.org/index.php/File:House_Lake_(North).svg,"7 pommes, 2-2-2-1, green on brown",178,
227,House Langward,https://awoiaf.westeros.org/index.php/File:House_Langward.svg,Per fess undy: A crown of white stars on burgundy above black,175,
228,House Lannett,https://awoiaf.westeros.org/index.php/File:None.svg,,183,
229,House Lannister,https://awoiaf.westeros.org/index.php/File:House_Lannister.svg,"A roaring lion, gold on crimson",27,Hear Me Roar!
230,House Lannister of Darry,https://awoiaf.westeros.org/index.php/File:House_Lannister_(Darry).svg,Quartered: the lion of Lannister with the Darry plowman,42,
231,House Lannister of Lannisport,https://awoiaf.westeros.org/index.php/File:None.svg,,112,
232,House Lanny,https://awoiaf.westeros.org/index.php/File:None.svg,,183,
233,House Lantell,https://awoiaf.westeros.org/index.php/File:None.svg,,183,
234,House Lefford of the Golden Tooth,https://awoiaf.westeros.org/index.php/File:House_Lefford.svg,"A golden inverted pile on sky-blue, a yellow sun in the first",66,
235,House Leygood,https://awoiaf.westeros.org/index.php/File:House_Leygood.svg,Three black thunderbolts on orange,179,
236,House Liddle,https://awoiaf.westeros.org/index.php/File:House_Liddle.svg,"Per pale white and green, a fir tree line between, three brown pinecones on the white",178,
237,House Lightfoot,https://awoiaf.westeros.org/index.php/File:House_Lightfoot.svg,"A line of white footprints in bend sinister, on dark brown",178,
238,House Lipps,https://awoiaf.westeros.org/index.php/File:House_Lipps.svg,Two large pink lips on a dark blue field,182,
239,House Locke of Oldcastle,https://awoiaf.westeros.org/index.php/File:House_Locke.svg,Bronze crossed keys on a white pale on purple,137,
240,House Lolliston,https://awoiaf.westeros.org/index.php/File:House_Lolliston.svg,Three oaken barrels on white,180,
241,House Long,https://awoiaf.westeros.org/index.php/File:None.svg,,178,
242,House Longthorpe of Longsister,https://awoiaf.westeros.org/index.php/File:None.svg,,119,
243,House Longwaters,https://awoiaf.westeros.org/index.php/File:None.svg,,175,
244,House Lonmouth,https://awoiaf.westeros.org/index.php/File:House_Lonmouth.svg,"Quartered of six: red lips strewn on yellow, yellow skulls strewn on black",181,The Choice Is Yours
245,House Lorch,https://awoiaf.westeros.org/index.php/File:House_Lorch.svg,"A black manticore on white, beneath a crimson chief with three gold coins",183,
246,House Lothston of Harrenhal,https://awoiaf.westeros.org/index.php/File:House_Lothston.svg,A black bat on per bend silver and gold,87,
247,House Lowther,https://awoiaf.westeros.org/index.php/File:House_Lowther.svg,A silver dolphin on a blue-green field,179,
248,House Lyberr,https://awoiaf.westeros.org/index.php/File:House_Lyberr.svg,"Per bend sinister: a grey cat's face on black, a brown jug on white",179,
249,House Lychester,https://awoiaf.westeros.org/index.php/File:House_Lychester.svg,"Orange and white gyronny, a black talon",29,
250,House Lydden of Deep Den,https://awoiaf.westeros.org/index.php/File:House_Lydden.svg,A white badger on per pale green and brown,43,
251,House Lynderly of Snakewood,https://awoiaf.westeros.org/index.php/File:House_Lynderly.svg,A black field strewn with wriggling green serpents,173,
252,House Magnar of Kingshouse,https://awoiaf.westeros.org/index.php/File:House_Magnar.svg,"A green lobster on white, its claws holding a black harpoon",111,
253,House Mallery,https://awoiaf.westeros.org/index.php/File:House_Mallery.svg,Six white mullets 3-2-1 on violet,175,
254,House Mallister of Seagard,https://awoiaf.westeros.org/index.php/File:House_Mallister.svg,A silver eagle displayed on indigo,166,Above the Rest
255,House Manderly of White Harbor,https://awoiaf.westeros.org/index.php/File:House_Manderly.svg,"A white merman with dark green hair, beard and tail, carrying a black trident, on a blue-green field",127,
256,House Manning,https://awoiaf.westeros.org/index.php/File:House_Manning.svg,A red sea lion between two black pallets on white,175,
257,House Manwoody of Kingsgrave,https://awoiaf.westeros.org/index.php/File:House_Manwoody.svg,A white skull crowned with gold on black,110,
258,House Marbrand of Ashemark,https://awoiaf.westeros.org/index.php/File:House_Marbrand.svg,"A burning tree, orange on smoke",6,Burning Bright
259,House Marsh,https://awoiaf.westeros.org/index.php/File:House_Marsh.svg,"10 frogs, 4-3-2-1, green on yellow",178,
260,House Martell of Sunspear,https://awoiaf.westeros.org/index.php/File:House_Martell.svg,A red sun pierced by a golden spear on orange,163,"Unbowed, Unbent, Unbroken"
261,House Massey of Stonedance,https://awoiaf.westeros.org/index.php/File:House_Massey.svg,"A triple spiral; red, green and blue, on white",192,
262,House Meadows of Grassy Vale,https://awoiaf.westeros.org/index.php/File:House_Meadows.svg,A border of flowers of many colours and varieties on green,70,
263,House Melcolm of Old Anchor,https://awoiaf.westeros.org/index.php/File:House_Melcolm.svg,A rusty anchor on turquoise beneath yellow chief with three blue plates,134,
264,House Merlyn of Pebbleton,https://awoiaf.westeros.org/index.php/File:Merlyn.png,"Twining waterspouts, green on white",144,
265,House Merryweather of Longtable,https://awoiaf.westeros.org/index.php/File:House_Merryweather.svg,"A golden horn of plenty spilling out apples, carrots, plums, onions, leeks, turnips, and fruits of many colors on a white field bordered in gold",120,Behold Our Bounty
266,House Mertyns of Mistwood,https://awoiaf.westeros.org/index.php/File:House_Mertyns.svg,A white great horned owl on grey,123,
267,House Middlebury,https://awoiaf.westeros.org/index.php/File:House_Middlebury.svg,"Quarterly, a black saltire on yellow, green and white diamonds",179,
268,House Mollen,https://awoiaf.westeros.org/index.php/File:House_Mollen.svg,"A pine tree covered with snow in a pale green pile, on white",178,
269,House Moore,https://awoiaf.westeros.org/index.php/File:House_Moore.svg,"Three bronze spearheads on white, a bronze border embattled",182,
270,House Mooton of Maidenpool,https://awoiaf.westeros.org/index.php/File:House_Mooton.svg,"A red salmon on white, a gold tressure",122,Wisdom and Strength
271,House Moreland,https://awoiaf.westeros.org/index.php/File:House_Moreland.svg,Per pale barry: russet and green,183,
272,House Mormont of Bear Island,https://awoiaf.westeros.org/index.php/File:House_Mormont.svg,A black bear in a green wood,125,Here We Stand
273,House Morrigen of Crow's Nest,https://awoiaf.westeros.org/index.php/File:House_Morrigen.svg,A black crow in flight on storm-green,40,
274,House Moss,https://awoiaf.westeros.org/index.php/File:House_Moss.svg,A bend orange on vairy grey and green,178,
275,House Mudd of Oldstones,https://awoiaf.westeros.org/index.php/File:House_Mudd.svg,A golden crown studded with emeralds on a red-brown field,138,
276,House Mullendore of Uplands,https://awoiaf.westeros.org/index.php/File:House_Mullendore.svg,Black-and-orange butterflies on white,208,
277,House Musgood,https://awoiaf.westeros.org/index.php/File:House_Musgood.svg,"Quarterly: A golden pavillion on blue, a green laurel crown on white",181,
278,House Myatt,https://awoiaf.westeros.org/index.php/File:House_Myatt.svg,"A spotted tree cat, yellow and black, on mud brown",183,
279,House Myre of Harlaw,https://awoiaf.westeros.org/index.php/File:House_Myre.svg,"10 nooses, 4-3-2-1, black on white with a border of blood",85,
280,House Nayland of Hag's Mire,https://awoiaf.westeros.org/index.php/File:None.svg,,82,
281,House Netley,https://awoiaf.westeros.org/index.php/File:None.svg,,177,
282,House Norcross,https://awoiaf.westeros.org/index.php/File:House_Norcross.svg,"A cross embattled, black on white",179,
283,House Norrey,https://awoiaf.westeros.org/index.php/File:House_Norrey.svg,"Six green thistles, 3-2-1, on yellow",178,
284,House Norridge,https://awoiaf.westeros.org/index.php/File:House_Norridge.svg,A flight of flaming arrows rising bendwise on a blue field,179,
285,House Nute of Oakenshield,https://awoiaf.westeros.org/index.php/File:None.svg,,132,
286,House Nutt,https://awoiaf.westeros.org/index.php/File:None.svg,,180,
287,House Oakheart of Old Oak,https://awoiaf.westeros.org/index.php/File:House_Oakheart.svg,Three green oak leaves on gold,135,Our Roots Go Deep
288,House Oldflowers,https://awoiaf.westeros.org/index.php/File:House_Oldflowers.svg,"Ten white hands on green, 4-3-2-1, beneath a red bend sinister",179,
289,House Orkwood of Orkmont,https://awoiaf.westeros.org/index.php/File:House_Orkwood.svg,Dark green pines strewn closely together on yellow,139,
290,House Orme,https://awoiaf.westeros.org/index.php/File:House_Orme.svg,"Per fess: three golden harps on black, gold and silver bendy sinister",179,
291,House Osgrey of Leafy Lake,https://awoiaf.westeros.org/index.php/File:None.svg,,114,
292,House Osgrey,https://awoiaf.westeros.org/index.php/File:House_Osgrey.svg,"A lion, checkered green and gold, on white",187,
293,House Overton,https://awoiaf.westeros.org/index.php/File:House_Overton.svg,A checked silver and gold fess on black,178,
294,House Paege,https://awoiaf.westeros.org/index.php/File:House_Paege.svg,Twining red-and-white snakes on black,180,
295,House Parren,https://awoiaf.westeros.org/index.php/File:House_Parren.svg,"Per saltire: burgundy and white stripes, a black lion's head on gold",183,
296,House Payne,https://awoiaf.westeros.org/index.php/File:House_Payne.svg,"Checkered purple and white, within each square a golden coin",183,
297,House Peake of Starpike,https://awoiaf.westeros.org/index.php/File:House_Peake.svg,Three black castles on orange,189,
298,House Peasebury of Poddingfield,https://awoiaf.westeros.org/index.php/File:House_Peasebury.svg,"A pea pod burst open, green on white, bordered by three rows of green peas",146,
299,House Peat,https://awoiaf.westeros.org/index.php/File:None.svg,,178,
300,House Peckledon,https://awoiaf.westeros.org/index.php/File:House_Peckledon.svg,"Ten mullets, 4-3-2-1, purple on yellow",183,Unflinching
301,House Pemford,https://awoiaf.westeros.org/index.php/File:None.svg,,180,
302,House Penrose of Parchments,https://awoiaf.westeros.org/index.php/File:House_Penrose.svg,White crossed quills on russet,142,Set Down Our Deeds
303,House Perryn,https://awoiaf.westeros.org/index.php/File:None.svg,,180,
304,House Piper of Pinkmaiden,https://awoiaf.westeros.org/index.php/File:House_Piper.svg,"A dancing maiden pink in a swirl of white silk, on blue",145,Brave and Beautiful
305,House Plumm,https://awoiaf.westeros.org/index.php/File:House_Plumm.svg,Three purple rondels on gold,183,Come Try Me
306,House Pommingham,https://awoiaf.westeros.org/index.php/File:House_Pommingham.svg,"A red pomegranate on white, a double tressure red",179,
307,House Poole,https://awoiaf.westeros.org/index.php/File:House_Poole.svg,"A blue plate on white, with a grey tressure",178,
308,House Prester of Feastfires,https://awoiaf.westeros.org/index.php/File:House_Prester.svg,A red ox on ermine,59,Tireless
309,House Pryor of Pebble,https://awoiaf.westeros.org/index.php/File:House_Pryor.svg,"A partial eclipse, black moon over yellow sun, on dusty pink",143,
310,House Pyle,https://awoiaf.westeros.org/index.php/File:House_Pyle.svg,A grey iron greathelm on white,175,
311,House Pyne,https://awoiaf.westeros.org/index.php/File:None.svg,,175,
312,House Qoherys of Harrenhal,https://awoiaf.westeros.org/index.php/File:House_Qoherys.svg,"A flaming saltire, red and yellow, between 4 white skulls, on black",87,
313,House Qorgyle of Sandstone,https://awoiaf.westeros.org/index.php/File:House_Qorgyle.svg,Three black scorpions on red,164,
314,House Quagg,https://awoiaf.westeros.org/index.php/File:None.svg,,178,
315,House Rambton,https://awoiaf.westeros.org/index.php/File:House_Rambton.svg,A white ram's head with golden horns on red,175,
316,House Redbeard,https://awoiaf.westeros.org/index.php/File:None.svg,,178,
317,House Redding,https://awoiaf.westeros.org/index.php/File:House_Redding.svg,"A golden flagon on burgundy, a border of gold and white checks",179,
318,House Redfort of Redfort,https://awoiaf.westeros.org/index.php/File:House_Redfort.svg,A red castle on a white field within a red embattled border,152,As Strong as Stone
319,House Redwyne of the Arbor,https://awoiaf.westeros.org/index.php/File:House_Redwyne.svg,A burgundy grape cluster on blue,5,
320,House Reed of Greywater Watch,https://awoiaf.westeros.org/index.php/File:House_Reed.svg,A black lizard-lion on grey-green,77,
321,House Reyne of Castamere,https://awoiaf.westeros.org/index.php/File:House_Reyne.svg,"A red lion rampant regardant with a forked tail, armed and langued gold, on silver",26,
322,House Rhysling,https://awoiaf.westeros.org/index.php/File:House_Rhysling.svg,"An oaken door banded with iron, in a grey stone doorway, on black masonry",179,
323,House Risley of Risley Glade,https://awoiaf.westeros.org/index.php/File:House_Risley.svg,"A black knight on a black rearing horse on white, bearing a golden lance and a white shield, upon which is seen the above in miniature",155,
324,House Rogers of Amberly,https://awoiaf.westeros.org/index.php/File:House_Rogers.svg,"Nine unicorns around a maze, silver on black",2,
325,House Rollingford,https://awoiaf.westeros.org/index.php/File:House_Rollingford.svg,"Six roundels fountain, 3-2-1, on grey",175,
326,House Roote of Lord Harroway's Town,https://awoiaf.westeros.org/index.php/File:House_Roote.svg,"A two-headed horse, brown, on a field of wavy green and green",89,
327,House Rosby of Rosby,https://awoiaf.westeros.org/index.php/File:House_Rosby.svg,Three red chevronels on ermine,158,
328,House Rowan of Goldengrove,https://awoiaf.westeros.org/index.php/File:House_Rowan.svg,A golden tree on silver,67,
329,House Roxton of the Ring,https://awoiaf.westeros.org/index.php/File:House_Roxton.svg,"A saltire of interlocked golden rings, upon a sky blue field",154,
330,House Royce,https://awoiaf.westeros.org/index.php/File:House_Royce.svg,"Black iron studs on bronze, bordered with <a href=""/index.php/Runes"" title=""Runes"">runes</a>",159,We Remember
331,House Royce of the Gates of the Moon,https://awoiaf.westeros.org/index.php/File:House_Royce_(Moon).svg,A black portcullis over a white crescent moon on purple bordered with runes on bronze,63,
332,House Ruthermont,https://awoiaf.westeros.org/index.php/File:House_Ruthermont.svg,"Five black starfish on a gold pale, on pean",182,
333,House Ruttiger,https://awoiaf.westeros.org/index.php/File:House_Ruttiger.svg,An orange bend engrailed on black,183,
334,House Ryder of the Rills,https://awoiaf.westeros.org/index.php/File:None.svg,,153,
335,House Ryger of Willow Wood,https://awoiaf.westeros.org/index.php/File:House_Ryger.svg,"A weeping willow, green on white",217,
336,House Rykker of Duskendale,https://awoiaf.westeros.org/index.php/File:House_Rykker.svg,Two black warhammers crossed on a white saltire on blue,53,
337,House Ryswell of the Rills,https://awoiaf.westeros.org/index.php/File:House_Ryswell.svg,"A black horse's head, eyes and mane red, on bronze within a black engrailed border",153,
338,House Saltcliffe of Saltcliffe,https://awoiaf.westeros.org/index.php/File:House_Saltcliffe.svg,"A nine-headed serpent, black on silver",161,
339,House Santagar of Spottswood,https://awoiaf.westeros.org/index.php/File:House_Santagar.svg,"Per bend sinister blue and white, a spotted leopard with golden axe",186,
340,House Sarsfield of Sarsfield,https://awoiaf.westeros.org/index.php/File:House_Sarsfield.svg,A green arrow on white bend on green,165,True to the Mark
341,House Seaworth of Cape Wrath,https://awoiaf.westeros.org/index.php/File:House_Seaworth.svg,"A black ship, an onion proper on its sail, on pale grey",25,
342,House Selmy of Harvest Hall,https://awoiaf.westeros.org/index.php/File:House_Selmy.svg,Three stalks of yellow wheat on brown,90,
343,House Serrett of Silverhill,https://awoiaf.westeros.org/index.php/File:House_Serrett.svg,A peacock in his pride on cream,170,I Have No Rival
344,House Serry of Southshield,https://awoiaf.westeros.org/index.php/File:House_Serry.svg,"A white rose upon a red escutcheon upon white, a red embattled border",184,
345,House Sharp,https://awoiaf.westeros.org/index.php/File:None.svg,,177,
346,House Shawney,https://awoiaf.westeros.org/index.php/File:House_Shawney.svg,"Per fess: blue red green above, a white catfish on black below",180,
347,House Shell (Vale),https://awoiaf.westeros.org/index.php/File:None.svg,,182,
348,House Shell (Dorne),https://awoiaf.westeros.org/index.php/File:None_(Dorne).svg,,176,
349,House Shepherd,https://awoiaf.westeros.org/index.php/File:None.svg,,177,
350,House Shermer of Smithyton,https://awoiaf.westeros.org/index.php/File:House_Shermer.svg,"A field of copper nails on blue, a copper border rayonne",172,
351,House Shett of Gull Tower,https://awoiaf.westeros.org/index.php/File:House_Shett_(Gull_Tower).svg,"Three golden wings, bendwise, on checkered white and black",80,
352,House Shett of Gulltown,https://awoiaf.westeros.org/index.php/File:House_Shett_(Gulltown).svg,Nine white seagulls on a field of brown,81,
353,House Slate of Blackpool,https://awoiaf.westeros.org/index.php/File:House_Slate.svg,"Pale grey, a double tressure white",17,
354,House Sloane,https://awoiaf.westeros.org/index.php/File:House_Sloane.svg,"Per pale, white stars strewn on indigo, an orange sun on yellow",179,
355,House Slynt of Harrenhal,https://awoiaf.westeros.org/index.php/File:House_Slynt.svg,"ï»¿A bloody spear, gold on black, with a border of checkered gold and blacï»¿kï»¿ï»¿ï»¿",87,
356,House Smallwood of Acorn Hall,https://awoiaf.westeros.org/index.php/File:House_Smallwood.svg,"Six brown acorns, 3-2-1, on yellow",1,From These Beginnings
357,House Sparr of Great Wyk,https://awoiaf.westeros.org/index.php/File:House_Sparr.svg,Oak saltire on blue,71,
358,House Spicer of Castamere,https://awoiaf.westeros.org/index.php/File:House_Spicer.svg,"3 pepperpots on a saffron bend, upon green and silver stripes",26,
359,House Stackhouse,https://awoiaf.westeros.org/index.php/File:None.svg,,179,
360,House Stackspear,https://awoiaf.westeros.org/index.php/File:House_Stackspear.svg,Crossed black spears on checkered silver and gold,183,
361,House Staedmon of Broad Arch,https://awoiaf.westeros.org/index.php/File:House_Staedmon.svg,A black dagger piercing a red heart on white de sang within an undulating red border,22,
362,House Stane of Driftwood Hall,https://awoiaf.westeros.org/index.php/File:House_Stane.svg,"A driftwood tree, bare and brown, on pale green",52,
363,House Stark of Winterfell,https://awoiaf.westeros.org/index.php/File:House_Stark.svg,"A running grey direwolf, on an ice-white field",218,Winter is Coming
364,House Staunton of Rook's Rest,https://awoiaf.westeros.org/index.php/File:House_Staunton.svg,Two black wings upon a white fess on checkered black and grey,157,
365,House Stokeworth of Stokeworth,https://awoiaf.westeros.org/index.php/File:House_Stokeworth.svg,A white lamb holding a golden goblet on green,190,Proud to Be Faithful
366,House Stonehouse of Old Wyk,https://awoiaf.westeros.org/index.php/File:Stonehouse.png,A black brazier on a grey masonry field,136,
367,House Stonetree of Harlaw,https://awoiaf.westeros.org/index.php/File:House_Stonetree.svg,"A bare stone tree, grey on black",85,
368,House Stout of Goldgrass,https://awoiaf.westeros.org/index.php/File:House_Stout.svg,Chevrony russet and gold,68,
369,House Strong of Harrenhal,https://awoiaf.westeros.org/index.php/File:House_Strong.svg,"A tripartite pale blue, red, and green on white",87,
370,House Sunderland of the Three Sisters,https://awoiaf.westeros.org/index.php/File:House_Sunderland.svg,"Three women's heads, white with black hair, on blue and green undy",201,
371,House Sunderly of Saltcliffe,https://awoiaf.westeros.org/index.php/File:House_Sunderly.svg,"A drowned man, pink and pale, floating upright in a blue-green sea, his hair streaming upwards, as fish nibble at his limbs",161,
372,House Sunglass of Sweetport Sound,https://awoiaf.westeros.org/index.php/File:House_Sunglass.svg,Seven golden seven-pointed stars in a ring on white,198,
373,House Swann of Stonehelm,https://awoiaf.westeros.org/index.php/File:House_Swann.svg,"Battling swans black and white, beaks and feet golden, on per pale white and black",193,
374,House Swyft of Cornfield,https://awoiaf.westeros.org/index.php/File:House_Swyft.svg,A blue bantam rooster on yellow,35,Awake! Awake!
375,House Swygert,https://awoiaf.westeros.org/index.php/File:House_Swygert.svg,"A white scroll with gold knobs on purple, a white tressure",181,Truth Conquers
376,House Tallhart of Torrhen's Square,https://awoiaf.westeros.org/index.php/File:House_Tallhart.svg,"Three sentinel trees, green on brown",204,Proud and Free
377,House Tarbeck of Tarbeck Hall,https://awoiaf.westeros.org/index.php/File:House_Tarbeck.svg,"A 7-pointed star, countercharged, on gyronny silver and blue",199,
378,House Targaryen of King's Landing,https://awoiaf.westeros.org/index.php/File:House_Targaryen.svg,"A red three-headed dragon, breathing flame on black",47,Fire and Blood
379,House Tarly of Horn Hill,https://awoiaf.westeros.org/index.php/File:House_Tarly.svg,A striding red huntsman on green,102,First in Battle
380,House Tarth of Evenfall Hall,https://awoiaf.westeros.org/index.php/File:House_Tarth.svg,Quartered: yellow suns and white crescents on rose and azure,55,
381,House Tawney of Orkmont,https://awoiaf.westeros.org/index.php/File:Tawney.png,"A scourge of nettles, red and black, on white",139,
382,House Teague,https://awoiaf.westeros.org/index.php/File:House_Teague.svg,A golden trident upright on black between two golden flanches,180,
383,House Templeton of Ninestars,https://awoiaf.westeros.org/index.php/File:House_Templeton.svg,"Nine stars, one of 7 points and the rest of 6 points, upon a gold saltire on black",130,
384,House Terrick,https://awoiaf.westeros.org/index.php/File:House_Terrick.svg,"Per saltire purple and gold, four hawks' heads countercharged",180,
385,House Thenn,https://awoiaf.westeros.org/index.php/File:House_Thenn.svg,"A bronze disk on a field of white, surrounded by flames made with wisps of crimson",178,
386,House Thorne,https://awoiaf.westeros.org/index.php/File:House_Thorne.svg,A silver flail on red within a black border rayonne,175,
387,House Toland of Ghost Hill,https://awoiaf.westeros.org/index.php/File:House_Toland.svg,A green dragon biting its tail on gold,64,
388,House Tollett of the Grey Glen,https://awoiaf.westeros.org/index.php/File:House_Tollett.svg,Pily grey and black,76,When All is Darkest
389,House Torrent of Littlesister,https://awoiaf.westeros.org/index.php/File:None.svg,,116,
390,House Towers (north),https://awoiaf.westeros.org/index.php/File:None.svg,,178,
391,House Towers of Harrenhal,https://awoiaf.westeros.org/index.php/File:House_Towers_(Harrenhal).svg,"Five black towers on white, a double tressure red and black",87,
392,House Toyne,https://awoiaf.westeros.org/index.php/File:House_Toyne.svg,"A winged heart, black on gold, within a black bordure embattled",181,"Fly High, Fly Far"
393,House Trant of Gallowsgrey,https://awoiaf.westeros.org/index.php/File:House_Trant.svg,"A hanged man, black on blue",62,So End Our Foes
394,House Tudbury,https://awoiaf.westeros.org/index.php/File:House_Tudbury.svg,A brown tortoise within a yellow lozenge on green,181,
395,House Tully of Riverrun,https://awoiaf.westeros.org/index.php/File:House_Tully.svg,"a leaping trout, silver, against a rippling blue-and-red field",156,"Family, Duty, Honor"
396,House Turnberry,https://awoiaf.westeros.org/index.php/File:House_Turnberry.svg,"9 strawberries on a white saltire, on green and red vairy in point",183,
397,House Tyrell of Brightwater Keep,https://awoiaf.westeros.org/index.php/File:House_Tyrell_(Garlan).svg,Two golden roses on green,21,
398,House Tyrell of Highgarden,https://awoiaf.westeros.org/index.php/File:House_Tyrell.svg,A golden rose on green,97,Growing Strong
399,House Uffering,https://awoiaf.westeros.org/index.php/File:House_Uffering.svg,"Oak and iron paly, beneath a white chief with seven green hands",179,
400,House Uller of the Hellholt,https://awoiaf.westeros.org/index.php/File:House_Uller.svg,Rayonne yellow over crimson,95,
401,House Umber of the Last Hearth,https://awoiaf.westeros.org/index.php/File:House_Umber.svg,"A roaring giant, brown-haired and wearing a skin, with broken silver chains, on flame-red",113,
402,House Upcliff of the Witch Isle,https://awoiaf.westeros.org/index.php/File:House_Upcliff.svg,"A cresting wave, sea green on black",219,
403,House Vaith of the Red Dunes,https://awoiaf.westeros.org/index.php/File:House_Vaith.svg,Three black leopards standing on a yellow pile on orange,209,
404,House Vance of Atranta,https://awoiaf.westeros.org/index.php/File:House_Vance_(Atranta).svg,"Quartered: a green dragon on white, a white tower on black",8,
405,House Vance of Wayfarer's Rest,https://awoiaf.westeros.org/index.php/File:House_Vance_(Wayfarer%27s_Rest).svg,"Quartered: a black dragon on white, two golden eyes in a golden ring on black",211,
406,House Varner,https://awoiaf.westeros.org/index.php/File:House_Varner.svg,A white weasel on ermines,179,
407,House Velaryon of Driftmark,https://awoiaf.westeros.org/index.php/File:House_Velaryon.svg,A silver seahorse on sea green,51,"The Old, the True, the Brave"
408,House Vikary,https://awoiaf.westeros.org/index.php/File:House_Vikary.svg,"Quarterly: A red boar's head on white, beneath a gold bend sinister a silver lion rampant regardant with a forked tail, armed and langued gold, on red",183,
409,House Volmark of Volmark,https://awoiaf.westeros.org/index.php/File:House_Volmark.svg,A black leviathan on a grey sea,210,
410,House Vypren,https://awoiaf.westeros.org/index.php/File:House_Vypren.svg,"A black toad on white lily pad, on green",180,
411,House Vyrwel of Darkdell,https://awoiaf.westeros.org/index.php/File:House_Vyrwel.svg,A silver wyvern within a red double tressure on sable,41,
412,House Wade,https://awoiaf.westeros.org/index.php/File:None_(Dorne).svg,,176,
413,House Wagstaff,https://awoiaf.westeros.org/index.php/File:House_Wagstaff.svg,Five yellow mascles on green,181,
414,House Waterman,https://awoiaf.westeros.org/index.php/File:House_Waterman.svg,"Brown crossed oars on white, between a pair of blue flaunches",178,
415,House Waxley of Wickenden,https://awoiaf.westeros.org/index.php/File:House_Waxley.svg,"Six candles, white with red flames, within silver candle holders on a grey field bordered in black",215,Light in Darkness
416,House Wayn,https://awoiaf.westeros.org/index.php/File:House_Wayn.svg,Four wheels countercharged on quartered field blue and white,180,
417,House Waynwood of Ironoaks,https://awoiaf.westeros.org/index.php/File:House_Waynwood.svg,A black broken wheel on green,106,
418,House Weaver,https://awoiaf.westeros.org/index.php/File:None.svg,,177,
419,House Webber of Coldmoat,https://awoiaf.westeros.org/index.php/File:House_Webber.svg,A white and red spider upon a silver web over black,33,
420,House Wells (Dorne),https://awoiaf.westeros.org/index.php/File:None_(Dorne).svg,,176,
421,House Wells (north),https://awoiaf.westeros.org/index.php/File:House_Wells_(North).svg,Per fess: five black roundels on grey over green and white lozengy,178,
422,House Wendwater,https://awoiaf.westeros.org/index.php/File:House_Wendwater.svg,"A green engrailed pall, inverted on white, dividing three trees, green, red and bare",175,For All Seasons
423,House Wensington,https://awoiaf.westeros.org/index.php/File:House_Wensington.svg,"Two golden trumpets crossed on blue, a gold chief with three black stags",181,Sound the Charge
424,House Westbrook,https://awoiaf.westeros.org/index.php/File:House_Westbrook.svg,Two green bars gemmel on gold,179,
425,House Westerling of the Crag,https://awoiaf.westeros.org/index.php/File:House_Westerling.svg,Six white seashells on sand,37,"Honor, not Honors"
426,House Whent of Harrenhal,https://awoiaf.westeros.org/index.php/File:House_Whent.svg,"Nine black bats, 4-3-2, on yellow",87,
427,House Whitehead of the Weeping Town,https://awoiaf.westeros.org/index.php/File:None.svg,,212,
428,House Whitehill of Highpoint,https://awoiaf.westeros.org/index.php/File:House_Whitehill.svg,"A white pile inverted on indigo, an arch of 4-pointed stars above",98,
429,House Willum,https://awoiaf.westeros.org/index.php/File:House_Willum.svg,3 silver longswords crossed on black beneath a dragonbone skeleton on a white chief,179,
430,House Wode,https://awoiaf.westeros.org/index.php/File:House_Wode.svg,Three white hedgehogs on yellow,180,Touch Me Not
431,House Woodfoot of Bear Island,https://awoiaf.westeros.org/index.php/File:None.svg,,12,
432,House Woodhull,https://awoiaf.westeros.org/index.php/File:None.svg,,182,
433,House Woods,https://awoiaf.westeros.org/index.php/File:None.svg,,178,
434,House Woodwright,https://awoiaf.westeros.org/index.php/File:House_Woodwright.svg,A red pall on a field of oak,179,
435,House Woolfield,https://awoiaf.westeros.org/index.php/File:House_Woolfield.svg,"Three woolsacks, white on purple, a white border",178,
436,House Wull,https://awoiaf.westeros.org/index.php/File:House_Wull.svg,"Three wooden buckets, brown on blue, with a border of grey and white checks",178,
437,House Wydman,https://awoiaf.westeros.org/index.php/File:House_Wydman.svg,"5 splintered lances, 3-2, striped blue and white with blue pennons, on yellow, beneath a white chief bearing a red castle, a green viper, a black broken wheel, a purple unicorn and a golden lion",182,Right Conquers Might
438,House Wyl of the Boneway,https://awoiaf.westeros.org/index.php/File:WylCoA.png,A black adder biting a heel on yellow,221,
439,House Wylde of Rain House,https://awoiaf.westeros.org/index.php/File:House_Wylde.svg,A blue-green maelstrom on gold,148,
440,House Wynch of Iron Holt,https://awoiaf.westeros.org/index.php/File:House_Wynch.svg,bloody moon on purple,105,
441,House Wythers,https://awoiaf.westeros.org/index.php/File:House_Wythers.svg,A grey squirrel on white with red border,179,
442,House Yarwyck,https://awoiaf.westeros.org/index.php/File:House_Yarwyck.svg,"2 bronze halberds crossed between 4 red diamonds, on white",183,
443,House Yelshire,https://awoiaf.westeros.org/index.php/File:House_Yelshire.svg,"Barry green and gold, a black battering ram with a gold head on a black chief",179,
444,House Yew,https://awoiaf.westeros.org/index.php/File:House_Yew.svg,A golden longbow on white between two crimson flaunches,183,
445,House Yronwood of Yronwood,https://awoiaf.westeros.org/index.php/File:House_Yronwood.svg,A black portcullis grill over sand,223,We Guard the Way
446,Free Folk,https://awoiaf.westeros.org/index.php/File:None.svg,,174,
447,Brave Companions,https://awoiaf.westeros.org/index.php/File:Brave_Companions.svg,"A black goat with bloody horns, symbolizing the Black Goat of Qohor",180,
448,Night's Watch,https://awoiaf.westeros.org/index.php/File:Night%27s_Watch.svg,A chargeless black shield,178,